<?xml version="1.0" encoding="utf-8"?>
<permissions>
    <privapp-permissions package="com.xiaomi.scanner">
        <permission name="android.permission.CHANGE_CONFIGURATION" />
        <permission name="android.permission.WRITE_SECURE_SETTINGS" />
        <permission name="android.permission.OVERRIDE_WIFI_CONFIG" />
        <permission name="android.permission.WRITE_MEDIA_STORAGE" />
        <permission name="android.permission.READ_PRIVILEGED_PHONE_STATE"/>
        <permission name="android.permission.START_ACTIVITIES_FROM_BACKGROUND"/>
    </privapp-permissions>
</permissions> 
